{
  "AUROC": 0.8641147213918954,
  "PR_AUC": 0.44603033520216306,
  "best_threshold": 0.61,
  "fn_cost": 310883.6627316475,
  "fp_cost": 94000.0,
  "total_cost": 404883.6627316475,
  "cost_per_million": 3428079.9161076937
}