{
  "AUROC": 0.889579649781877,
  "PR_AUC": 0.5002170923458035,
  "best_threshold": 0.11,
  "fn_cost": 291637.47065901756,
  "fp_cost": 87350.0,
  "total_cost": 378987.47065901756,
  "cost_per_million": 3208821.338597026
}